have_sad_backstory,have_sad_backstory(0.0),have_sad_backstory(0.5),have_sad_backstory(1.0)
orphan(0.0),0.8479776847977685,0.761904761904762,0.6306306306306306
orphan(0.5),0.04463040446304044,0.11904761904761907,0.022522522522522525
orphan(1.0),0.10739191073919106,0.11904761904761907,0.34684684684684686
